<?xml version="1.0"?>

<!--
  ~ Hibernate, Relational Persistence for Idiomatic Java
  ~
  ~ License: GNU Lesser General Public License (LGPL), version 2.1 or later.
  ~ See the lgpl.txt file in the root directory or <http://www.gnu.org/licenses/lgpl-2.1.html>.
  -->
<!DOCTYPE hibernate-mapping PUBLIC
        "-//Hibernate/Hibernate Mapping DTD 3.0//EN"
        "http://www.hibernate.org/dtd/hibernate-mapping-3.0.dtd">

<hibernate-mapping package="com.corso.main">

    <class name="Actor" table="actor">
        <id name="actor_id" column="actor_id">
            <generator class="increment"/>
        </id>
        <property name="nome" column="first_name"/>
        <property name="cognome" column="last_name"/>
    </class>

</hibernate-mapping>